<?xml version="1.0" encoding="UTF-8"?>
<!DOCTYPE suite SYSTEM "https://testng.org/testng-1.0.dtd">
<!-- <suite name="Suite" thread-count="3" parallel="methods">  -->
<!-- <suite name="Suite" thread-count="3" parallel="tests"> -->
<suite name="Suite" thread-count="3" parallel="classes">


<!-- to know the current thread  -->
<!-- <suite name="Suite" dataProvider-thread-count="2"> -->


  <test thread-count="5" name="Test">
    <classes>
      <class name="Testing.ExcelReaderTest2"/>
      <class name="Testing.ExcelReaderTest1"/>
    </classes>
  </test> <!-- Test -->
</suite> <!-- Suite -->
