<?xml version="1.0" encoding="UTF-8"?>
<!DOCTYPE suite SYSTEM "https://testng.org/testng-1.0.dtd">
<suite name="Suite">
<!--  <parameter name="name" value="shashi"></parameter>
<parameter name="job" value="head"></parameter> -->
  <test thread-count="5" name="Test1">
  	<parameter name="name" value="shashi"></parameter>
	<parameter name="job" value="head"></parameter>
    <classes>
      <class name="Testing.ParamTest"/>
    </classes>
  </test> <!-- Test -->
  <test thread-count="5" name="Test2">
  	<parameter name="name" value="shashi1"></parameter>
	<parameter name="job" value="head1"></parameter>
    <classes>
      <class name="Testing.ParamTest"/>
    </classes>
  </test> <!-- Test -->
</suite> <!-- Suite -->
