<?xml version="1.0" encoding="UTF-8"?>
<!DOCTYPE suite SYSTEM "https://testng.org/testng-1.0.dtd">
<suite name="Suite">
  <test thread-count="5" name="Test1">
    <classes>
      <class name="com.restAssured.RestAssuredDemo.GetUsersTest1">
      	<methods>
      		<include name="getData"></include>
      	</methods>
      </class>
    </classes>
  </test> <!-- Test -->
  <test thread-count="5" name="Test2">
    <classes>
      <class name="com.restAssured.RestAssuredDemo.GetUsersTest1"/>
    </classes>
  </test> <!-- Test -->
  <test thread-count="5" name="Test3">
    <classes>
      <class name="com.restAssured.RestAssuredDemo.GetUsersTest1"/>
    </classes>
  </test> <!-- Test -->
</suite> <!-- Suite -->
